[
  {
    "name": "Detroit",
    "wikipediaLink": "Detroit",
    "frName": "Détroit",
    "frWikipediaLink": "Détroit_(Michigan)",
    "country": {
      "code": "US"
    },
    "capital": true
  },
  {
    "name": "Fresno",
    "wikipediaLink": "Fresno,_California",
    "frName": "Fresno",
    "frWikipediaLink": "Fresno_(Californie)",
    "country": {
      "code": "US"
    },
    "capital": true
  },
  {
    "name": "Kabul",
    "wikipediaLink": "Kabul",
    "frName": "Kaboul",
    "frWikipediaLink": "Kaboul",
    "country": {
      "code": "AF"
    },
    "capital": true
  },
  {
    "name": "Kabul",
    "wikipediaLink": "Kabul",
    "frName": "Kaboul",
    "frWikipediaLink": "Kaboul",
    "country": {
      "code": "AF"
    },
    "capital": true
  },
  {
    "name": "Tirana",
    "wikipediaLink": "Tirana",
    "frName": "Tirana",
    "frWikipediaLink": "Tirana",
    "country": {
      "code": "AL"
    },
    "capital": true
  },
  {
    "name": "Algiers",
    "wikipediaLink": "Algiers",
    "frName": "Alger",
    "frWikipediaLink": "Alger",
    "country": {
      "code": "DZ"
    },
    "capital": true
  },
  {
    "name": "Andorra la Vella",
    "wikipediaLink": "Andorra_la_Vella",
    "frName": "Andorre-la-Vieille",
    "frWikipediaLink": "Andorre-la-Vieille",
    "country": {
      "code": "AD"
    },
    "capital": true
  },
  {
    "name": "Los Angeles",
    "wikipediaLink": "Los_Angeles",
    "frName": "Los Angeles",
    "frWikipediaLink": "Los_Angeles",
    "country": {
      "code": "US"
    },
    "capital": false
  },
  {
    "name": "Chicago",
    "wikipediaLink": "Chicago",
    "frName": "Chicago",
    "frWikipediaLink": "Chicago",
    "country": {
      "code": "US"
    },
    "capital": false
  },
  {
    "name": "Winterset",
    "wikipediaLink": "Winterset",
    "frName": "Winterset",
    "frWikipediaLink": "Winterset",
    "country": {
      "code": "US"
    },
    "capital": false
  },
  {
    "name": "New York",
    "wikipediaLink": "New_York_City",
    "frName": "New York",
    "frWikipediaLink": "New_York",
    "country": {
      "code": "US"
    },
    "capital": false
  },
  {
    "name": "Modesto",
    "wikipediaLink": "Modesto,_California",
    "frName": "Modesto",
    "frWikipediaLink": "Modesto_(Californie)",
    "country": {
      "code": "US"
    },
    "capital": false
  },
  {
    "name": "Syracus",
    "wikipediaLink": "Syracuse,_New_York",
    "frName": "Syracuse",
    "frWikipediaLink": "Syracuse_(New_York)",
    "country": {
      "code": "US"
    },
    "capital": false
  },
  {
    "name": "Saint Helier",
    "wikipediaLink": "Saint_Helier",
    "frName": "Saint-Hélier",
    "frWikipediaLink": "Saint-Hélier",
    "country": {
      "code": "JE"
    },
    "capital": false
  },
  {
    "name": "Stockholm",
    "wikipediaLink": "Stockholm",
    "frName": "Stockholm",
    "frWikipediaLink": "Stockholm",
    "country": {
      "code": "SE"
    },
    "capital": false
  }
]