[
    {
        "name": "Absurdist/surreal/whimsical"
    },
    {
        "name": "Action"
    },
    {
        "name": "Adventure",
        "frName": "Aventure"
    },
    {
        "name": "Comedy",
        "wikipediaLink": "Comedy_film",
        "frName": "Comédie",
        "frWikipediaLink": "Comédie_(cinéma)"
    },
    {
        "name": "Crime"
    },
    {
        "name": "Drama",
        "frName": "Drame"
    },
    {
        "name": "Fantasy"
    },
    {
        "name": "Historical"
    },
    {
        "name": "Historical fiction"
    },
    {
        "name": "Horror"
    },
    {
        "name": "Magical realism"
    },
    {
        "name": "Mystery"
    },
    {
        "name": "Paranoid fiction"
    },
    {
        "name": "Philosophical"
    },
    {
        "name": "Political"
    },
    {
        "name": "Romance"
    },
    {
        "name": "Saga"
    },
    {
        "name": "Satire"
    },
    {
        "name": "Science fiction"
    },
    {
        "name": "Social"
    },
    {
        "name": "Speculative"
    },
    {
        "name": "Thriller"
    },
    {
        "name": "Urban"
    },
    {
        "name": "Western"
    }
]