[
  {
    "name": "Robert Downey Jr",
    "wikipediaLink": "Robert_Downey_Jr",
    "birthDate": "1965-04-04",
    "birthCity": {
      "name": "New York",
      "wikipediaLink": "New_York_City"
    },
    "deathDate": null,
    "deathCity": {
      "name": null,
      "wikipediaLink": null
    },
    "gender": "male",
    "image": "Robert_Downey_Jr.jpg"
  },
  {
    "name": "Jeremy Renner",
    "wikipediaLink": "Jeremy_Renner",
    "birthDate": "1971-01-07",
    "birthCity": {
      "name": "Modesto",
      "wikipediaLink": "Modesto,_California"
    },
    "gender": "male",
    "image": "Jeremy_Renner.jpg"
  },
  {
    "name": "Tom Cruise",
    "wikipediaLink": "Tom_Cruise",
    "birthDate": "1962-07-03",
    "birthCity": {
      "name": "Syracuse",
      "wikipediaLink": "Syracuse,_New_York"
    },
    "gender": "male",
    "image": "Tom_Cruise.jpg"
  },
  {
    "name": "Henri Cavill",
    "wikipediaLink": "Henry_Cavill",
    "birthDate": "1983-05-05",
    "birthCity": {
      "name": "Saint Helier",
      "wikipediaLink": "Saint_Helier"
    },
    "gender": "male",
    "image": "Henry_Cavill.jpg"
  },
  {
    "name": "Rebecca Ferguson",
    "wikipediaLink": "Rebecca_Ferguson",
    "birthDate": "1983-10-19",
    "birthCity": {
      "name": "Stockholm",
      "wikipediaLink": "Stockholm"
    },
    "gender": "female",
    "image": "Rebecca_Ferguson.jpg"
  },
  {
    "name": "Richard Kiel",
    "wikipediaLink": "Richard_Kiel",
    "birthDate": "1939-09-13",
    "birthCity": {
      "name": "Detroit",
      "wikipediaLink": "Detroit"
    },
    "deathDate": "2014-09-10",
    "deathCity": {
      "name": "Fresno",
      "wikipediaLink": "Fresno,_California"
    },
    "gender": "male",
    "image": "Richard_Kiel.jpg"
  }
]