[
    {
        "id": 1,
        "number": 1,
        "code": "00000001",
        "create_date": "1980-03-01"
    },
    {
        "id": 2,
        "number": 2,
        "code": "00000002",
        "create_date": "1980-03-02"
    },
    {
        "id": 3,
        "number": 3,
        "code": "00000003",
        "create_date": "1980-03-03"
    },
    {
        "id": 4,
        "number": 4,
        "code": "00000004",
        "create_date": "1980-03-04"
    },
    {
        "id": 5,
        "number": 5,
        "code": "00000005",
        "create_date": "1980-03-05"
    },
    {
        "id": 6,
        "number": 6,
        "code": "00000006",
        "create_date": "1980-03-06"
    },
    {
        "id": 7,
        "number": 7,
        "code": "00000007",
        "create_date": "1980-03-07"
    },
    {
        "id": 8,
        "number": 8,
        "code": "00000008",
        "create_date": "1980-03-08"
    },
    {
        "id": 9,
        "number": 9,
        "code": "00000009",
        "create_date": "1980-03-09"
    },
    {
        "id": 10,
        "number": 10,
        "code": "00000010",
        "create_date": "1980-03-10"
    }
]