[
    {
        "id": 1003,
        "name": "Algiers",
        "wikipediaLink": "Algiers",
        "code": "DZ",
        "capital": true,
        "img": "./assets/params/images/crud/flags/dz.png",
        "country": {
            "name": "Algeria",
            "code": "DZ"
        },
        "continent": {
            "name": "Africa",
            "code": "AF"
        }
    },
    {
        "id": 1002,
        "name": "Andorra la Vella",
        "wikipediaLink": "Andorra_la_Vella",
        "code": "AD",
        "capital": true,
        "img": "./assets/params/images/crud/flags/ad.png",
        "country": {
            "name": "Andorra",
            "code": "AD"
        },
        "continent": {
            "name": "Europe",
            "code": "EU"
        }
    },
    {
        "id": 1004,
        "name": "Chicago",
        "wikipediaLink": "Chicago",
        "code": "US",
        "capital": false,
        "img": "./assets/params/images/crud/flags/us.png",
        "country": {
            "name": "United States of America",
            "code": "US"
        },
        "continent": {
            "name": "North America",
            "code": "NA"
        }
    },
    {
        "id": 1001,
        "name": "Kabul",
        "wikipediaLink": "Kabul",
        "code": "AF",
        "capital": true,
        "img": "./assets/params/images/crud/flags/af.png",
        "country": {
            "name": "Afghanistan",
            "code": "AF"
        },
        "continent": {
            "name": "Asia",
            "code": "AS"
        }
    },
    {
        "id": 1005,
        "name": "Los Angeles",
        "wikipediaLink": "Los_Angeles",
        "code": "US",
        "capital": false,
        "img": "./assets/params/images/crud/flags/us.png",
        "country": {
            "name": "United States of America",
            "code": "US"
        },
        "continent": {
            "name": "North America",
            "code": "NA"
        }
    },
    {
        "id": 1000,
        "name": "Tirana",
        "wikipediaLink": "Tirana",
        "code": "AL",
        "capital": true,
        "img": "./assets/params/images/crud/flags/al.png",
        "country": {
            "name": "Albania",
            "code": "AL"
        },
        "continent": {
            "name": "Europe",
            "code": "EU"
        }
    },
    {
        "id": 1006,
        "name": "Winterset",
        "wikipediaLink": "Winterset",
        "code": "US",
        "capital": false,
        "img": "./assets/params/images/crud/flags/us.png",
        "country": {
            "name": "United States of America",
            "code": "US"
        },
        "continent": {
            "name": "North America",
            "code": "NA"
        }
    }
]