[
    {
        "id": 1014,
        "name": "A Farewell to Arms",
        "releaseDate": "08/12/1932",
        "wikipediaLink": "A_Farewell_to_Arms_(1932_film)",
        "fileName": "A_Farewell_to_Arms_(1932_film).jpg",
        "img": "./assets/params/images/crud/movies/A_Farewell_to_Arms_(1932_film).jpg",
        "show": false,
        "movie": true
    },
    {
        "id": 1007,
        "name": "Abraham Lincoln",
        "releaseDate": "25/08/1930",
        "wikipediaLink": "Abraham_Lincoln_(1930_film)",
        "fileName": "Abraham_Lincoln_(1930_film).jpg",
        "img": "./assets/params/images/crud/movies/Abraham_Lincoln_(1930_film).jpg",
        "show": false,
        "movie": true
    },
    {
        "id": 1006,
        "name": "Africa Screams",
        "releaseDate": "27/05/1949",
        "wikipediaLink": "Africa_Screams",
        "fileName": "Africa_Screams.jpg",
        "img": "./assets/params/images/crud/movies/Africa_Screams.jpg",
        "show": false,
        "movie": true
    },
    {
        "id": 1011,
        "name": "Algiers",
        "releaseDate": "05/08/1938",
        "wikipediaLink": "Algiers_(film)",
        "fileName": "Algiers_(film).jpg",
        "img": "./assets/params/images/crud/movies/Algiers_(film).jpg",
        "show": false,
        "movie": true
    },
    {
        "id": 1004,
        "name": "Angel and the Badman",
        "releaseDate": "15/02/1947",
        "wikipediaLink": "Angel_and_the_Badman",
        "fileName": "Angel_and_the_Badman.jpg",
        "img": "./assets/params/images/crud/movies/Angel_and_the_Badman.jpg",
        "show": false,
        "movie": true
    },
    {
        "id": 1009,
        "name": "Charade",
        "releaseDate": "05/12/1963",
        "wikipediaLink": "Charade_(film,_1963)",
        "fileName": "Charade_(film,_1963).jpg",
        "img": "./assets/params/images/crud/movies/Charade_(film,_1963).jpg",
        "show": false,
        "movie": true
    },
    {
        "id": 1013,
        "name": "Gulliver's Travels",
        "releaseDate": "22/12/1939",
        "wikipediaLink": "Gulliver's_Travels_(1939_film)",
        "fileName": "Gulliver's_Travels_(1939_film).jpg",
        "img": "./assets/params/images/crud/movies/Gulliver's_Travels_(1939_film).jpg",
        "show": false,
        "movie": true
    },
    {
        "id": 1024,
        "name": "His Girl Friday",
        "releaseDate": "11/01/1940",
        "wikipediaLink": "His_Girl_Friday",
        "fileName": "His_Girl_Friday.jpg",
        "img": "./assets/params/images/crud/movies/His_Girl_Friday.jpg",
        "show": false,
        "movie": true
    },
    {
        "id": 1015,
        "name": "It's a Wonderful Life",
        "releaseDate": "20/12/1946",
        "wikipediaLink": "It's_a_Wonderful_Life",
        "fileName": "It's_a_Wonderful_Life.jpg",
        "img": "./assets/params/images/crud/movies/It's_a_Wonderful_Life.jpg",
        "show": false,
        "movie": true
    },
    {
        "id": 1017,
        "name": "Little Lord Fauntleroy",
        "releaseDate": "06/03/1936",
        "wikipediaLink": "Little_Lord_Fauntleroy_(1936_film)",
        "fileName": "Little_Lord_Fauntleroy_(1936_film).jpg",
        "img": "./assets/params/images/crud/movies/Little_Lord_Fauntleroy_(1936_film).jpg",
        "show": false,
        "movie": true
    },
    {
        "id": 1019,
        "name": "McLintock!",
        "releaseDate": "13/11/1963",
        "wikipediaLink": "McLintock!",
        "fileName": "McLintock!.jpg",
        "img": "./assets/params/images/crud/movies/McLintock!.jpg",
        "show": false,
        "movie": true
    },
    {
        "id": 1020,
        "name": "Meet John Doe",
        "releaseDate": "03/05/1941",
        "wikipediaLink": "Meet_John_Doe",
        "fileName": "Meet_John_Doe.jpg",
        "img": "./assets/params/images/crud/movies/Meet_John_Doe.jpg",
        "show": false,
        "movie": true
    },
    {
        "id": 1021,
        "name": "Mr. Imperium",
        "releaseDate": "02/03/1951",
        "wikipediaLink": "Mr._Imperium",
        "fileName": "Mr._Imperium.jpg",
        "img": "./assets/params/images/crud/movies/Mr._Imperium.jpg",
        "show": false,
        "movie": true
    },
    {
        "id": 1022,
        "name": "My Favorite Brunette",
        "releaseDate": "19/03/1947",
        "wikipediaLink": "My_Favorite_Brunette",
        "fileName": "My_Favorite_Brunette.jpg",
        "img": "./assets/params/images/crud/movies/My_Favorite_Brunette.jpg",
        "show": false,
        "movie": true
    },
    {
        "id": 1029,
        "name": "Riders of Destiny",
        "releaseDate": "10/10/1933",
        "wikipediaLink": "Riders_of_Destiny",
        "fileName": "Riders_of_Destiny.jpg",
        "img": "./assets/params/images/crud/movies/Riders_of_Destiny.jpg",
        "show": false,
        "movie": true
    },
    {
        "id": 1023,
        "name": "Road to Bali",
        "releaseDate": "01/11/1952",
        "wikipediaLink": "Road_to_Bali",
        "fileName": "Road_to_Bali.jpg",
        "img": "./assets/params/images/crud/movies/Road_to_Bali.jpg",
        "show": false,
        "movie": true
    },
    {
        "id": 1030,
        "name": "Rock, Rock, Rock!",
        "releaseDate": "07/12/1956",
        "wikipediaLink": "Rock,_Rock,_Rock!_(film)",
        "fileName": "Rock,_Rock,_Rock!_(film).jpg",
        "img": "./assets/params/images/crud/movies/Rock,_Rock,_Rock!_(film).jpg",
        "show": false,
        "movie": true
    },
    {
        "id": 1025,
        "name": "Santa Fe Trail",
        "releaseDate": "28/12/1940",
        "wikipediaLink": "Santa_Fe_Trail_(film)",
        "fileName": "Santa_Fe_Trail_(film).jpg",
        "img": "./assets/params/images/crud/movies/Santa_Fe_Trail_(film).jpg",
        "show": false,
        "movie": true
    },
    {
        "id": 1008,
        "name": "The Amazing Mr. X",
        "releaseDate": "29/07/1948",
        "wikipediaLink": "The_Amazing_Mr._X",
        "fileName": "The_Amazing_Mr._X.jpg",
        "img": "./assets/params/images/crud/movies/The_Amazing_Mr._X.jpg",
        "show": false,
        "movie": true
    },
    {
        "id": 1010,
        "name": "The Deadly Companions",
        "releaseDate": "06/06/1961",
        "wikipediaLink": "The_Deadly_Companions",
        "fileName": "The_Deadly_Companions.jpg",
        "img": "./assets/params/images/crud/movies/The_Deadly_Companions.jpg",
        "show": false,
        "movie": true
    },
    {
        "id": 1012,
        "name": "The gold Rush",
        "releaseDate": "26/06/1925",
        "wikipediaLink": "The_Gold_Rush",
        "fileName": "The_Gold_Rush.jpg",
        "img": "./assets/params/images/crud/movies/The_Gold_Rush.jpg",
        "show": false,
        "movie": true
    },
    {
        "id": 1016,
        "name": "The Last Time I Saw Paris",
        "releaseDate": "08/11/1954",
        "wikipediaLink": "The_Last_Time_I_Saw_Paris",
        "fileName": "The_Last_Time_I_Saw_Paris.jpg",
        "img": "./assets/params/images/crud/movies/The_Last_Time_I_Saw_Paris.jpg",
        "show": false,
        "movie": true
    },
    {
        "id": 1018,
        "name": "The Little Shop of Horrors",
        "releaseDate": "14/09/1960",
        "wikipediaLink": "The_Little_Shop_of_Horrors",
        "fileName": "The_Little_Shop_of_Horrors.jpg",
        "img": "./assets/params/images/crud/movies/The_Little_Shop_of_Horrors.jpg",
        "show": false,
        "movie": true
    },
    {
        "id": 1026,
        "name": "The Snows of Kilimanjaro",
        "releaseDate": "17/12/1952",
        "wikipediaLink": "The_Snows_of_Kilimanjaro_(1952_film)",
        "fileName": "The_Snows_of_Kilimanjaro_(1952_film).jpg",
        "img": "./assets/params/images/crud/movies/The_Snows_of_Kilimanjaro_(1952_film).jpg",
        "show": false,
        "movie": true
    },
    {
        "id": 1027,
        "name": "The stranger",
        "releaseDate": "02/07/1946",
        "wikipediaLink": "The_Stranger_(1946_film)",
        "fileName": "The_Stranger_(1946_film).jpg",
        "img": "./assets/params/images/crud/movies/The_Stranger_(1946_film).jpg",
        "show": false,
        "movie": true
    },
    {
        "id": 1028,
        "name": "Vengeance Valley",
        "releaseDate": "16/02/1951",
        "wikipediaLink": "Vengeance_Valley",
        "fileName": "Vengeance_Valley.jpg",
        "img": "./assets/params/images/crud/movies/Vengeance_Valley.jpg",
        "show": false,
        "movie": true
    }
]