[
    {
        "id": 1031,
        "name": "Bonanza",
        "releaseDate": "12/09/1959",
        "wikipediaLink": "Bonanza",
        "fileName": "Bonanza.jpg",
        "img": "./assets/params/images/crud/movies/Bonanza.jpg",
        "show": true,
        "movie": false
    },
    {
        "id": 1002,
        "name": "Dick Tracy",
        "releaseDate": "04/10/1931",
        "wikipediaLink": "Dick_Tracy",
        "fileName": "Dick_Tracy.jpg",
        "img": "./assets/params/images/crud/movies/Dick_Tracy.jpg",
        "show": true,
        "movie": false
    },
    {
        "id": 1003,
        "name": "Hawkeye and the Last of the Mohicans",
        "releaseDate": "01/01/1957",
        "wikipediaLink": "Hawkeye_and_the_Last_of_the_Mohicans",
        "fileName": "Hawkeye_and_the_Last_of_the_Mohicans.jpg",
        "img": "./assets/params/images/crud/movies/Hawkeye_and_the_Last_of_the_Mohicans.jpg",
        "show": true,
        "movie": false
    },
    {
        "id": 1001,
        "name": "Stories of the Century",
        "releaseDate": "23/01/1954",
        "wikipediaLink": "Stories_of_the_Century",
        "fileName": "Stories_of_the_Century.jpg",
        "img": "./assets/params/images/crud/movies/Stories_of_the_Century.jpg",
        "show": true,
        "movie": false
    },
    {
        "id": 1005,
        "name": "Topper",
        "releaseDate": "09/10/1953",
        "wikipediaLink": "Topper_(TV_series)",
        "fileName": "Topper_(TV_series).jpg",
        "img": "./assets/params/images/crud/movies/Topper_(TV_series).jpg",
        "show": true,
        "movie": false
    },
    {
        "id": 1000,
        "name": "Wagon Train",
        "releaseDate": "18/09/1957",
        "wikipediaLink": "Wagon_Train",
        "fileName": "Wagon_Train.jpg",
        "img": "./assets/params/images/crud/movies/Wagon_Train.jpg",
        "show": true,
        "movie": false
    }
]