[
  {
    "name": "users",
    "pk": true,
    "fields": [
      {
        "name": "name",
        "domain": "dom_lib",
        "defaultvalue": ""
      },
      {
        "name": "password",
        "domain": "dom_lib",
        "defaultvalue": ""
      }
    ]
  },
  {
    "name": "continent",
    "pk": true,
    "fields": [
      {
        "name": "code",
        "domain": "dom_lib_short",
        "defaultvalue": ""
      },
      {
        "name": "name",
        "domain": "dom_lib",
        "defaultvalue": ""
      },
      {
        "name": "wikipedia_link",
        "domain": "dom_lib",
        "defaultvalue": ""
      },
      {
        "name": "fr_name",
        "domain": "dom_lib",
        "defaultvalue": ""
      },
      {
        "name": "fr_wikipedia_link",
        "domain": "dom_lib",
        "defaultvalue": ""
      },
      {
        "name": "area",
        "domain": "dom_bigint",
        "defaultvalue": ""
      },
      {
        "name": "population",
        "domain": "dom_bigint",
        "defaultvalue": ""
      },
      {
        "name": "countries_number",
        "domain": "dom_integer",
        "defaultvalue": 0
      }
    ]
  },
  {
    "name": "country",
    "pk": true,
    "fields": [
      {
        "name": "name",
        "domain": "dom_lib",
        "defaultvalue": ""
      },
      {
        "name": "wikipedia_link",
        "domain": "dom_lib",
        "defaultvalue": ""
      },
      {
        "name": "fr_name",
        "domain": "dom_lib",
        "defaultvalue": ""
      },
      {
        "name": "fr_wikipedia_link",
        "domain": "dom_lib",
        "defaultvalue": ""
      },
      {
        "name": "continent_id",
        "domain": "dom_fk",
        "defaultvalue": ""
      },
      {
        "name": "iso_numeric",
        "domain": "dom_lib",
        "defaultvalue": ""
      },
      {
        "name": "iso_alpha2",
        "domain": "dom_lib",
        "defaultvalue": ""
      },
      {
        "name": "iso_alpha3",
        "domain": "dom_lib",
        "defaultvalue": ""
      },
      {
        "name": "flag",
        "domain": "dom_lib",
        "defaultvalue": ""
      }
    ]
  },
  {
    "name": "city",
    "pk": true,
    "fields": [
      {
        "name": "name",
        "domain": "dom_lib",
        "defaultvalue": ""
      },
      {
        "name": "wikipedia_link",
        "domain": "dom_lib",
        "defaultvalue": ""
      },
      {
        "name": "fr_name",
        "domain": "dom_lib",
        "defaultvalue": ""
      },
      {
        "name": "fr_wikipedia_link",
        "domain": "dom_lib",
        "defaultvalue": ""
      },
      {
        "name": "country_id",
        "domain": "dom_fk",
        "defaultvalue": ""
      },
      {
        "name": "capital",
        "domain": "dom_boolean",
        "defaultvalue": false
      }
    ]
  }
]
