[
  {
    "name": "genre",
    "pk": true,
    "fields": [
      {
        "name": "name",
        "domain": "dom_lib",
        "defaultvalue": ""
      },
      {
        "name": "wikipedia_link",
        "domain": "dom_lib",
        "defaultvalue": ""
      },
      {
        "name": "fr_name",
        "domain": "dom_lib",
        "defaultvalue": ""
      },
      {
        "name": "fr_wikipedia_link",
        "domain": "dom_lib",
        "defaultvalue": ""
      }
    ]
  },
  {
    "name": "gender",
    "pk": true,
    "fields": [
      {
        "name": "name",
        "domain": "dom_lib",
        "defaultvalue": ""
      },
      {
        "name": "wikipedia_link",
        "domain": "dom_lib",
        "defaultvalue": ""
      }
    ]
  },
  {
    "name": "images",
    "pk": true,
    "fields": [
      {
        "name": "name",
        "domain": "dom_lib",
        "defaultvalue": ""
      }
    ]
  },
  {
    "name": "profession",
    "pk": true,
    "fields": [
      {
        "name": "name",
        "domain": "dom_lib",
        "defaultvalue": ""
      },
      {
        "name": "wikipedia_link",
        "domain": "dom_lib",
        "defaultvalue": ""
      },
      {
        "name": "fr_name",
        "domain": "dom_lib",
        "defaultvalue": ""
      },
      {
        "name": "fr_wikipedia_link",
        "domain": "dom_lib",
        "defaultvalue": ""
      }
    ]
  },
  {
    "name": "movie",
    "pk": true,
    "fields": [
      {
        "name": "name",
        "domain": "dom_lib_long",
        "defaultvalue": ""
      },
      {
        "name": "wikipedia_link",
        "domain": "dom_lib_long",
        "defaultvalue": ""
      },
      {
        "name": "fr_name",
        "domain": "dom_lib_long",
        "defaultvalue": ""
      },
      {
        "name": "fr_wikipedia_link",
        "domain": "dom_lib_long",
        "defaultvalue": ""
      },      
      {
        "name": "release_date",
        "domain": "dom_date",
        "defaultvalue": ""
      },
      {
        "name": "domestic",
        "domain": "dom_bigint",
        "defaultvalue": ""
      },
      {
        "name": "international",
        "domain": "dom_bigint",
        "defaultvalue": ""
      },
      {
        "name": "worldwide",
        "domain": "dom_bigint",
        "defaultvalue": ""
      },
      {
        "name": "budget",
        "domain": "dom_bigint",
        "defaultvalue": ""
      },
      {
        "name": "running_time",
        "domain": "dom_time",
        "defaultvalue": ""
      },
      {
        "name": "franchise",
        "domain": "dom_boolean",
        "defaultvalue": false
      },
      {
        "name": "movie",
        "domain": "dom_boolean",
        "defaultvalue": false
      },
      {
        "name": "tvshow",
        "domain": "dom_boolean",
        "defaultvalue": false
      },
      {
        "name": "clip",
        "domain": "dom_boolean",
        "defaultvalue": false
      },
			{
				"name": "image",
				"domain": "dom_lib",
				"defaultvalue": ""
			}
    ]
  },
  {
    "name": "person",
    "pk": true,
    "fields": [
      {
        "name": "name",
        "domain": "dom_lib",
        "defaultvalue": ""
      },
      {
        "name": "wikipedia_link",
        "domain": "dom_lib",
        "defaultvalue": ""
      },
      {
        "name": "fr_name",
        "domain": "dom_lib",
        "defaultvalue": ""
      },
      {
        "name": "fr_wikipedia_link",
        "domain": "dom_lib",
        "defaultvalue": ""
      },
      {
        "name": "birth_date",
        "domain": "dom_date",
        "defaultvalue": ""
      },
      {
        "name": "birth_city_id",
        "domain": "dom_fk",
        "defaultvalue": ""
      },
      {
        "name": "death_date",
        "domain": "dom_date",
        "defaultvalue": ""
      },
      {
        "name": "death_city_id",
        "domain": "dom_fk",
        "defaultvalue": ""
      },
      {
        "name": "gender_id",
        "domain": "dom_fk",
        "defaultvalue": ""
      },
			{
				"name": "image",
				"domain": "dom_lib",
				"defaultvalue": ""
			}
    ]
  },
  {
    "name": "trailer",
    "pk": true,
    "fields": [
      {
        "name": "name",
        "domain": "dom_lib_long",
        "defaultvalue": ""
      },
      {
        "name": "movie_id",
        "domain": "dom_fk",
        "defaultvalue": ""
      },
      {
        "name": "youtube_link",
        "domain": "dom_lib",
        "defaultvalue": ""
      }
    ]
  },
  {
    "name": "views",
    "pk": true,
    "fields": [
      {
        "name": "code",
        "domain": "dom_lib_short",
        "defaultvalue": ""
      },
      {
        "name": "movie_id",
        "domain": "dom_fk",
        "defaultvalue": ""
      },
      {
        "name": "comment",
        "domain": "dom_comment",
        "defaultvalue": ""
      },
      {
        "name": "create_date",
        "domain": "dom_date",
        "defaultvalue": ""
      }
    ]
  },
  {
    "name": "movie_person",
    "pk": false,
    "fields": [
      {
        "name": "movie_id",
        "domain": "dom_fk",
        "defaultvalue": ""
      },
      {
        "name": "person_id",
        "domain": "dom_fk",
        "defaultvalue": ""
      },
      {
        "name": "profession_id",
        "domain": "dom_fk",
        "defaultvalue": ""
      }
    ]
  },
  {
    "name": "movie_genre",
    "pk": false,
    "fields": [
      {
        "name": "movie_id",
        "domain": "dom_fk",
        "defaultvalue": ""
      },
      {
        "name": "genre_id",
        "domain": "dom_fk",
        "defaultvalue": ""
      }
    ]
  }
]
