[
    {
        "name": "Absurdist/surreal/whimsical",
        "wikipediaLink": null,
        "frName": null,
        "frWikipediaLink": null
    },
    {
        "name": "Action",
        "wikipediaLink": null,
        "frName": null,
        "frWikipediaLink": null
    },
    {
        "name": "Adventure",
        "wikipediaLink": null,
        "frName": "Aventure",
        "frWikipediaLink": null
    },
    {
        "name": "Comedy",
        "wikipediaLink": "Comedy_film",
        "frName": "Comédie",
        "frWikipediaLink": "Comédie_(cinéma)"
    },
    {
        "name": "Crime",
        "wikipediaLink": null,
        "frName": null,
        "frWikipediaLink": null
    },
    {
        "name": "Drama",
        "wikipediaLink": null,
        "frName": "Drame",
        "frWikipediaLink": null
    },
    {
        "name": "Fantasy",
        "wikipediaLink": null,
        "frName": null,
        "frWikipediaLink": null
    },
    {
        "name": "Historical",
        "wikipediaLink": null,
        "frName": null,
        "frWikipediaLink": null
    },
    {
        "name": "Historical fiction",
        "wikipediaLink": null,
        "frName": null,
        "frWikipediaLink": null
    },
    {
        "name": "Horror",
        "wikipediaLink": null,
        "frName": null,
        "frWikipediaLink": null
    },
    {
        "name": "Magical realism",
        "wikipediaLink": null,
        "frName": null,
        "frWikipediaLink": null
    },
    {
        "name": "Mystery",
        "wikipediaLink": null,
        "frName": null,
        "frWikipediaLink": null
    },
    {
        "name": "Paranoid fiction",
        "wikipediaLink": null,
        "frName": null,
        "frWikipediaLink": null
    },
    {
        "name": "Philosophical",
        "wikipediaLink": null,
        "frName": null,
        "frWikipediaLink": null
    },
    {
        "name": "Political",
        "wikipediaLink": null,
        "frName": null,
        "frWikipediaLink": null
    },
    {
        "name": "Romance",
        "wikipediaLink": null,
        "frName": null,
        "frWikipediaLink": null
    },
    {
        "name": "Saga",
        "wikipediaLink": null,
        "frName": null,
        "frWikipediaLink": null
    },
    {
        "name": "Satire",
        "wikipediaLink": null,
        "frName": null,
        "frWikipediaLink": null
    },
    {
        "name": "Science fiction",
        "wikipediaLink": null,
        "frName": null,
        "frWikipediaLink": null
    },
    {
        "name": "Social",
        "wikipediaLink": null,
        "frName": null,
        "frWikipediaLink": null
    },
    {
        "name": "Speculative",
        "wikipediaLink": null,
        "frName": null,
        "frWikipediaLink": null
    },
    {
        "name": "Thriller",
        "wikipediaLink": null,
        "frName": null,
        "frWikipediaLink": null
    },
    {
        "name": "Urban",
        "wikipediaLink": null,
        "frName": null,
        "frWikipediaLink": null
    },
    {
        "name": "Western",
        "wikipediaLink": null,
        "frName": null,
        "frWikipediaLink": null
    }
]