[
    {
        "name": "Henri Cavill",
        "wikipediaLink": "Henry_Cavill",
        "frWikipediaLink": null,
        "birthDate": "1983-05-05",
        "deathDate": null,
        "image": "Henry_Cavill.jpg"
    },
    {
        "name": "Jeremy Renner",
        "wikipediaLink": "Jeremy_Renner",
        "frWikipediaLink": null,
        "birthDate": "1971-01-07",
        "deathDate": null,
        "image": "Jeremy_Renner.jpg"
    },
    {
        "name": "Rebecca Ferguson",
        "wikipediaLink": "Rebecca_Ferguson",
        "frWikipediaLink": null,
        "birthDate": "1983-10-19",
        "deathDate": null,
        "image": "Rebecca_Ferguson.jpg"
    },
    {
        "name": "Richard Kiel",
        "wikipediaLink": "Richard_Kiel",
        "frWikipediaLink": null,
        "birthDate": "1939-09-13",
        "deathDate": "2014-09-10",
        "image": "Richard_Kiel.jpg"
    },
    {
        "name": "Robert Downey Jr",
        "wikipediaLink": "Robert_Downey_Jr",
        "frWikipediaLink": null,
        "birthDate": "1965-04-04",
        "deathDate": null,
        "image": "Robert_Downey_Jr.jpg"
    },
    {
        "name": "Tom Cruise",
        "wikipediaLink": "Tom_Cruise",
        "frWikipediaLink": null,
        "birthDate": "1962-07-03",
        "deathDate": null,
        "image": "Tom_Cruise.jpg"
    }
]